window,vault_id,count,mean_s194,stddev_s194,latency,throughput
1719670290000 - 1719670295000,1000,54,22.27777777777778,2.6695586170519916,5001,243.4
1719670290000 - 1719670295000,1001,59,17.93220338983051,1.7550354362124403,5001,243.4
1719670290000 - 1719670295000,1002,59,22.47457627118644,2.181244647050028,5001,243.4
1719670290000 - 1719670295000,1003,60,17.983333333333334,1.7841119795448814,5001,243.4
1719670290000 - 1719670295000,1004,64,19.9375,3.020114857087392,5001,243.4
1719670290000 - 1719670295000,1005,62,21.467741935483872,2.4997918747915144,5001,243.4
1719670290000 - 1719670295000,1006,57,23.140350877192983,3.6822885546480753,5001,243.4
1719670290000 - 1719670295000,1007,65,26.123076923076923,4.619382883551879,5001,243.4
1719670290000 - 1719670295000,1008,49,29.081632653061224,3.5504339182575095,5001,243.4
1719670290000 - 1719670295000,1009,68,28.264705882352942,3.1744274474898875,5001,243.4
1719670290000 - 1719670295000,1010,62,22.661290322580644,2.545987028240887,5001,243.4
1719670290000 - 1719670295000,1011,48,26.666666666666668,6.752571526627632,5001,243.4
1719670290000 - 1719670295000,1012,58,30.482758620689655,7.495381058865393,5001,243.4
1719670290000 - 1719670295000,1013,62,26.516129032258064,4.015060098710093,5001,243.4
1719670290000 - 1719670295000,1014,55,26.10909090909091,5.8236905739253055,5001,243.4
1719670290000 - 1719670295000,1015,60,26.45,3.81411850890871,5001,243.4
1719670290000 - 1719670295000,1016,54,26.925925925925927,4.829890926810191,5001,243.4
1719670290000 - 1719670295000,1017,58,28.379310344827587,5.722995315955161,5001,243.4
1719670290000 - 1719670295000,1018,57,27.087719298245613,3.565333584719575,5001,243.4
1719670290000 - 1719670295000,1019,55,28.672727272727272,6.09337806133405,5001,243.4
1719670290000 - 1719670295000,1020,51,26.15686274509804,5.828841572662642,5001,243.4
1719670395000 - 1719670400000,1000,23,22.347826086956523,3.0447202434802776,5001,91.4
1719670395000 - 1719670400000,1001,21,17.952380952380953,1.6754868653103983,5001,91.4
1719670395000 - 1719670400000,1002,30,22.533333333333335,2.0612833111653743,5001,91.4
1719670395000 - 1719670400000,1003,21,18.095238095238095,1.8232561637215854,5001,91.4
1719670395000 - 1719670400000,1004,19,20.736842105263158,2.917138202221267,5001,91.4
1719670395000 - 1719670400000,1005,31,21.451612903225808,2.860619261599402,5001,91.4
1719670395000 - 1719670400000,1006,22,23.727272727272727,3.645443210138804,5001,91.4
1719670395000 - 1719670400000,1007,24,26.166666666666668,5.185449728701348,5001,91.4
1719670395000 - 1719670400000,1008,14,29.071428571428573,3.217458751301488,5001,91.4
1719670395000 - 1719670400000,1009,28,28.464285714285715,3.570535602650661,5001,91.4
1719670395000 - 1719670400000,1010,20,23.55,2.7290108097990378,5001,91.4
1719670395000 - 1719670400000,1011,14,27.0,7.9910664405411405,5001,91.4
1719670395000 - 1719670400000,1012,22,31.636363636363637,8.059694639746,5001,91.4
1719670395000 - 1719670400000,1013,20,25.95,4.165033013074447,5001,91.4
1719670395000 - 1719670400000,1014,20,26.2,6.569627082262737,5001,91.4
1719670395000 - 1719670400000,1015,19,26.894736842105264,3.9456136450508024,5001,91.4
1719670395000 - 1719670400000,1016,20,27.75,5.048514633038118,5001,91.4
1719670395000 - 1719670400000,1017,21,29.095238095238095,5.476397511614311,5001,91.4
1719670395000 - 1719670400000,1018,27,26.59259259259259,3.6743279482180466,5001,91.4
1719670395000 - 1719670400000,1019,22,29.818181818181817,7.571695880870856,5001,91.4
1719670395000 - 1719670400000,1020,19,25.68421052631579,6.122027799408567,5001,91.4
1719670400000 - 1719670405000,1000,49,21.959183673469386,2.303140568108716,5001,230.6
1719670400000 - 1719670405000,1001,60,18.116666666666667,1.7897082319628403,5001,230.6
1719670400000 - 1719670405000,1002,45,22.42222222222222,2.255747118302137,5001,230.6
1719670400000 - 1719670405000,1003,58,17.948275862068964,1.8608712623216581,5001,230.6
1719670400000 - 1719670405000,1004,69,19.434782608695652,2.911637125371647,5001,230.6
1719670400000 - 1719670405000,1005,51,21.58823529411765,2.857233480190751,5001,230.6
1719670400000 - 1719670405000,1006,53,22.79245283018868,3.9447050279088005,5001,230.6
1719670400000 - 1719670405000,1007,61,26.672131147540984,4.268532636404016,5001,230.6
1719670400000 - 1719670405000,1008,47,29.170212765957448,3.921132863529882,5001,230.6
1719670400000 - 1719670405000,1009,66,27.78787878787879,3.0920972166846297,5001,230.6
1719670400000 - 1719670405000,1010,62,22.129032258064516,2.6426030114980894,5001,230.6
1719670400000 - 1719670405000,1011,51,26.50980392156863,6.506022998397016,5001,230.6
1719670400000 - 1719670405000,1012,59,29.47457627118644,7.133962533587024,5001,230.6
1719670400000 - 1719670405000,1013,57,26.982456140350877,4.54023427817419,5001,230.6
1719670400000 - 1719670405000,1014,60,25.916666666666668,5.3643628595471515,5001,230.6
1719670400000 - 1719670405000,1015,60,26.466666666666665,3.694440267332643,5001,230.6
1719670400000 - 1719670405000,1016,53,25.60377358490566,4.230792880958178,5001,230.6
1719670400000 - 1719670405000,1017,54,28.22222222222222,5.4319584718134735,5001,230.6
1719670400000 - 1719670405000,1018,50,27.68,3.607991130809498,5001,230.6
1719670400000 - 1719670405000,1019,42,27.547619047619047,4.44116233687695,5001,230.6
1719670400000 - 1719670405000,1020,46,26.217391304347824,5.119922908209785,5001,230.6
1719670405000 - 1719670410000,1000,63,22.095238095238095,2.355097717881569,5000,221.4
1719670405000 - 1719670410000,1001,58,18.396551724137932,2.1490948790243656,5000,221.4
1719670405000 - 1719670410000,1002,61,22.737704918032787,2.289689214677808,5000,221.4
1719670405000 - 1719670410000,1003,59,18.135593220338983,1.9868860494536063,5000,221.4
1719670405000 - 1719670410000,1004,52,20.28846153846154,2.536931356986068,5000,221.4
1719670405000 - 1719670410000,1005,43,21.3953488372093,2.3241856276556256,5000,221.4
1719670405000 - 1719670410000,1006,54,23.25925925925926,4.342661690992549,5000,221.4
1719670405000 - 1719670410000,1007,56,25.160714285714285,4.7651142457983315,5000,221.4
1719670405000 - 1719670410000,1008,65,29.615384615384617,4.281237447612575,5000,221.4
1719670405000 - 1719670410000,1009,45,27.11111111111111,3.184840635972734,5000,221.4
1719670405000 - 1719670410000,1010,52,21.923076923076923,2.4561238524753235,5000,221.4
1719670405000 - 1719670410000,1011,53,26.79245283018868,6.559908221188504,5000,221.4
1719670405000 - 1719670410000,1012,50,29.44,6.92,5000,221.4
1719670405000 - 1719670410000,1013,37,27.18918918918919,4.216042962483275,5000,221.4
1719670405000 - 1719670410000,1014,50,26.44,6.181132582302373,5000,221.4
1719670405000 - 1719670410000,1015,47,27.0,4.414675718796077,5000,221.4
1719670405000 - 1719670410000,1016,51,27.647058823529413,5.201144404281317,5000,221.4
1719670405000 - 1719670410000,1017,48,27.875,5.6995065575889985,5000,221.4
1719670405000 - 1719670410000,1018,51,27.54901960784314,4.3983674577885346,5000,221.4
1719670405000 - 1719670410000,1019,50,27.44,4.821452063434832,5000,221.4
1719670405000 - 1719670410000,1020,62,27.096774193548388,5.204556556423558,5000,221.4
1719670410000 - 1719670415000,1000,50,22.3,2.4269322199023193,5006,199.8
1719670410000 - 1719670415000,1001,46,18.304347826086957,1.5585607242552104,5006,199.8
1719670410000 - 1719670415000,1002,59,22.71186440677966,2.5381886471917574,5006,199.8
1719670410000 - 1719670415000,1003,44,18.295454545454547,2.1906780338365297,5006,199.8
1719670410000 - 1719670415000,1004,48,19.916666666666668,2.7901115071305345,5006,199.8
1719670410000 - 1719670415000,1005,49,21.142857142857142,2.610809554642438,5006,199.8
1719670410000 - 1719670415000,1006,36,22.22222222222222,3.367418324598164,5006,199.8
1719670410000 - 1719670415000,1007,50,25.8,4.741307836451879,5006,199.8
1719670410000 - 1719670415000,1008,57,30.0,4.291975376394761,5006,199.8
1719670410000 - 1719670415000,1009,47,27.70212765957447,3.6020968693308983,5006,199.8
1719670410000 - 1719670415000,1010,51,21.901960784313726,2.7953385705406646,5006,199.8
1719670410000 - 1719670415000,1011,39,25.512820512820515,6.671300164949953,5006,199.8
1719670410000 - 1719670415000,1012,40,30.25,7.876388766433511,5006,199.8
1719670410000 - 1719670415000,1013,40,26.375,3.276335605520289,5006,199.8
1719670410000 - 1719670415000,1014,49,25.836734693877553,5.195551231879255,5006,199.8
1719670410000 - 1719670415000,1015,52,25.192307692307693,3.932304381845242,5006,199.8
1719670410000 - 1719670415000,1016,51,27.54901960784314,4.839841698473433,5006,199.8
1719670410000 - 1719670415000,1017,49,26.53061224489796,4.2671122042819185,5006,199.8
1719670410000 - 1719670415000,1018,41,27.195121951219512,3.703785223946969,5006,199.8
1719670410000 - 1719670415000,1019,46,27.58695652173913,4.188888443180838,5006,199.8
1719670410000 - 1719670415000,1020,55,25.927272727272726,5.7740943263213325,5006,199.8
1719670410000 - 1719670415000,1000,185,22.145945945945947,2.4616622152405525,5000,743.2
1719670410000 - 1719670415000,1001,185,18.232432432432432,1.8526903818069627,5000,743.2
1719670410000 - 1719670415000,1002,195,22.625641025641027,2.3311401357867507,5000,743.2
1719670410000 - 1719670415000,1003,182,18.10989010989011,1.9859426275177983,5000,743.2
1719670410000 - 1719670415000,1004,188,19.925531914893618,2.8161364876487336,5000,743.2
1719670410000 - 1719670415000,1005,174,21.39080459770115,2.6710724603152802,5000,743.2
1719670410000 - 1719670415000,1006,165,22.945454545454545,3.956206547683511,5000,743.2
1719670410000 - 1719670415000,1007,191,25.93717277486911,4.7011450500561205,5000,743.2
1719670410000 - 1719670415000,1008,183,29.579234972677597,4.136074201129237,5000,743.2
1719670410000 - 1719670415000,1009,186,27.704301075268816,3.349479625078506,5000,743.2
1719670410000 - 1719670415000,1010,185,22.16216216216216,2.690458752337184,5000,743.2
1719670410000 - 1719670415000,1011,157,26.401273885350317,6.73129384654642,5000,743.2
1719670410000 - 1719670415000,1012,171,29.923976608187136,7.414231492948664,5000,743.2
1719670410000 - 1719670415000,1013,154,26.74025974025974,4.138519082023817,5000,743.2
1719670410000 - 1719670415000,1014,179,26.07262569832402,5.7089833482916585,5000,743.2
1719670410000 - 1719670415000,1015,178,26.280898876404493,4.05714452095699,5000,743.2
1719670410000 - 1719670415000,1016,175,27.01142857142857,4.889625836025343,5000,743.2
1719670410000 - 1719670415000,1017,172,27.75,5.281742356986129,5000,743.2
1719670410000 - 1719670415000,1018,169,27.349112426035504,3.913564914048675,5000,743.2
1719670410000 - 1719670415000,1019,160,27.8375,5.098881617570661,5000,743.2
1719670410000 - 1719670415000,1020,182,26.373626373626372,5.4895472133552214,5000,743.2
1719670415000 - 1719670420000,1000,43,22.58139534883721,1.967557311473253,5000,170.8
1719670415000 - 1719670420000,1001,36,18.416666666666668,1.4018836534383934,5000,170.8
1719670415000 - 1719670420000,1002,46,22.52173913043478,2.772058805094797,5000,170.8
1719670415000 - 1719670420000,1003,31,18.129032258064516,2.536723000172581,5000,170.8
1719670415000 - 1719670420000,1004,39,18.974358974358974,2.8146792820641218,5000,170.8
1719670415000 - 1719670420000,1005,37,20.972972972972972,2.899081741727109,5000,170.8
1719670415000 - 1719670420000,1006,29,22.517241379310345,4.082094540586701,5000,170.8
1719670415000 - 1719670420000,1007,39,25.58974358974359,4.650436696990436,5000,170.8
1719670415000 - 1719670420000,1008,42,29.333333333333332,4.351609809772463,5000,170.8
1719670415000 - 1719670420000,1009,35,27.6,3.2178075943545346,5000,170.8
1719670415000 - 1719670420000,1010,41,22.146341463414632,2.1815297341461366,5000,170.8
1719670415000 - 1719670420000,1011,53,26.169811320754718,5.598975138890115,5000,170.8
1719670415000 - 1719670420000,1012,48,30.916666666666668,8.066993795019858,5000,170.8
1719670415000 - 1719670420000,1013,37,25.486486486486488,2.8628243625654832,5000,170.8
1719670415000 - 1719670420000,1014,39,24.923076923076923,4.165700085125073,5000,170.8
1719670415000 - 1719670420000,1015,42,26.095238095238095,3.5577515894005423,5000,170.8
1719670415000 - 1719670420000,1016,38,27.05263157894737,4.877161428649664,5000,170.8
1719670415000 - 1719670420000,1017,35,29.2,5.691095802090439,5000,170.8
1719670415000 - 1719670420000,1018,50,26.58,3.7581378367484075,5000,170.8
1719670415000 - 1719670420000,1019,46,27.630434782608695,4.2598157525586355,5000,170.8
1719670415000 - 1719670420000,1020,48,26.958333333333332,5.816493550432444,5000,170.8
1719670415000 - 1719670420000,1000,43,22.58139534883721,1.967557311473253,5001,171.0
1719670415000 - 1719670420000,1001,36,18.416666666666668,1.4018836534383934,5001,171.0
1719670415000 - 1719670420000,1002,47,22.574468085106382,2.7656300951952204,5001,171.0
1719670415000 - 1719670420000,1003,31,18.129032258064516,2.536723000172581,5001,171.0
1719670415000 - 1719670420000,1004,39,18.974358974358974,2.8146792820641218,5001,171.0
1719670415000 - 1719670420000,1005,37,20.972972972972972,2.899081741727109,5001,171.0
1719670415000 - 1719670420000,1006,29,22.517241379310345,4.082094540586701,5001,171.0
1719670415000 - 1719670420000,1007,39,25.58974358974359,4.650436696990436,5001,171.0
1719670415000 - 1719670420000,1008,42,29.333333333333332,4.351609809772463,5001,171.0
1719670415000 - 1719670420000,1009,35,27.6,3.2178075943545346,5001,171.0
1719670415000 - 1719670420000,1010,41,22.146341463414632,2.1815297341461366,5001,171.0
1719670415000 - 1719670420000,1011,53,26.169811320754718,5.598975138890115,5001,171.0
1719670415000 - 1719670420000,1012,48,30.916666666666668,8.066993795019858,5001,171.0
1719670415000 - 1719670420000,1013,37,25.486486486486488,2.8628243625654832,5001,171.0
1719670415000 - 1719670420000,1014,39,24.923076923076923,4.165700085125073,5001,171.0
1719670415000 - 1719670420000,1015,42,26.095238095238095,3.5577515894005423,5001,171.0
1719670415000 - 1719670420000,1016,38,27.05263157894737,4.877161428649664,5001,171.0
1719670415000 - 1719670420000,1017,35,29.2,5.691095802090439,5001,171.0
1719670415000 - 1719670420000,1018,50,26.58,3.7581378367484075,5001,171.0
1719670415000 - 1719670420000,1019,46,27.630434782608695,4.2598157525586355,5001,171.0
1719670415000 - 1719670420000,1020,48,26.958333333333332,5.816493550432444,5001,171.0
1719670420000 - 1719670425000,1000,32,22.03125,1.7938153298207706,5000,181.6
1719670420000 - 1719670425000,1001,43,18.27906976744186,1.9208232415724937,5000,181.6
1719670420000 - 1719670425000,1002,50,22.86,2.5613277806637713,5000,181.6
1719670420000 - 1719670425000,1003,54,18.296296296296298,2.6007807206015943,5000,181.6
1719670420000 - 1719670425000,1004,34,19.41176470588235,2.850362691667228,5000,181.6
1719670420000 - 1719670425000,1005,51,21.294117647058822,2.795613634607312,5000,181.6
1719670420000 - 1719670425000,1006,55,22.29090909090909,3.5145035975497425,5000,181.6
1719670420000 - 1719670425000,1007,56,25.857142857142858,4.838198349107457,5000,181.6
1719670420000 - 1719670425000,1008,43,29.023255813953487,3.6375839930718086,5000,181.6
1719670420000 - 1719670425000,1009,39,27.94871794871795,3.3508415930905384,5000,181.6
1719670420000 - 1719670425000,1010,39,21.743589743589745,3.135552531507569,5000,181.6
1719670420000 - 1719670425000,1011,36,26.583333333333332,7.75806032459145,5000,181.6
1719670420000 - 1719670425000,1012,44,31.181818181818183,6.8366416771312215,5000,181.6
1719670420000 - 1719670425000,1013,43,27.27906976744186,3.972730192346192,5000,181.6
1719670420000 - 1719670425000,1014,50,26.6,4.638965401897281,5000,181.6
1719670420000 - 1719670425000,1015,35,26.62857142857143,4.498162890309232,5000,181.6
1719670420000 - 1719670425000,1016,37,25.7027027027027,4.495432305609441,5000,181.6
1719670420000 - 1719670425000,1017,52,28.46153846153846,5.314933744653754,5000,181.6
1719670420000 - 1719670425000,1018,37,27.0,4.1459847068204665,5000,181.6
1719670420000 - 1719670425000,1019,40,27.8,5.025932749251625,5000,181.6
1719670420000 - 1719670425000,1020,38,26.5,5.4131905175180535,5000,181.6
1719670420000 - 1719670425000,1000,32,22.03125,1.7938153298207706,5000,181.6
1719670420000 - 1719670425000,1001,43,18.27906976744186,1.9208232415724937,5000,181.6
1719670420000 - 1719670425000,1002,49,22.816326530612244,2.568835751438296,5000,181.6
1719670420000 - 1719670425000,1003,54,18.296296296296298,2.6007807206015943,5000,181.6
1719670420000 - 1719670425000,1004,34,19.41176470588235,2.850362691667228,5000,181.6
1719670420000 - 1719670425000,1005,51,21.294117647058822,2.795613634607312,5000,181.6
1719670420000 - 1719670425000,1006,56,22.196428571428573,3.5527637273031285,5000,181.6
1719670420000 - 1719670425000,1007,56,25.857142857142858,4.838198349107457,5000,181.6
1719670420000 - 1719670425000,1008,43,29.023255813953487,3.6375839930718086,5000,181.6
1719670420000 - 1719670425000,1009,39,27.94871794871795,3.3508415930905384,5000,181.6
1719670420000 - 1719670425000,1010,39,21.743589743589745,3.135552531507569,5000,181.6
1719670420000 - 1719670425000,1011,36,26.583333333333332,7.75806032459145,5000,181.6
1719670420000 - 1719670425000,1012,44,31.181818181818183,6.8366416771312215,5000,181.6
1719670420000 - 1719670425000,1013,43,27.27906976744186,3.972730192346192,5000,181.6
1719670420000 - 1719670425000,1014,50,26.6,4.638965401897281,5000,181.6
1719670420000 - 1719670425000,1015,35,26.62857142857143,4.498162890309232,5000,181.6
1719670420000 - 1719670425000,1016,37,25.7027027027027,4.495432305609441,5000,181.6
1719670420000 - 1719670425000,1017,52,28.46153846153846,5.314933744653754,5000,181.6
1719670420000 - 1719670425000,1018,37,27.0,4.1459847068204665,5000,181.6
1719670420000 - 1719670425000,1019,40,27.8,5.025932749251625,5000,181.6
1719670420000 - 1719670425000,1020,38,26.5,5.4131905175180535,5000,181.6
1719670425000 - 1719670430000,1000,57,22.07017543859649,2.3310237877477484,5000,200.0
1719670425000 - 1719670430000,1001,52,18.423076923076923,1.9840339040813741,5000,200.0
1719670425000 - 1719670430000,1002,41,22.024390243902438,2.300453877571043,5000,200.0
1719670425000 - 1719670430000,1003,38,18.842105263157894,2.367836185095156,5000,200.0
1719670425000 - 1719670430000,1004,47,19.617021276595743,2.646179031666681,5000,200.0
1719670425000 - 1719670430000,1005,45,20.933333333333334,2.711293254355034,5000,200.0
1719670425000 - 1719670430000,1006,60,21.833333333333332,3.564485314257243,5000,200.0
1719670425000 - 1719670430000,1007,33,25.181818181818183,4.876999484000603,5000,200.0
1719670425000 - 1719670430000,1008,48,30.041666666666668,4.232603283507156,5000,200.0
1719670425000 - 1719670430000,1009,36,27.11111111111111,3.381138678822875,5000,200.0
1719670425000 - 1719670430000,1010,52,22.0,2.954787510256741,5000,200.0
1719670425000 - 1719670430000,1011,37,26.35135135135135,5.794760989946547,5000,200.0
1719670425000 - 1719670430000,1012,52,29.384615384615383,7.81555117932743,5000,200.0
1719670425000 - 1719670430000,1013,55,27.145454545454545,4.542398972982455,5000,200.0
1719670425000 - 1719670430000,1014,49,25.653061224489797,3.9047382018290278,5000,200.0
1719670425000 - 1719670430000,1015,38,25.236842105263158,4.11309980765126,5000,200.0
1719670425000 - 1719670430000,1016,51,25.666666666666668,4.231843183770654,5000,200.0
1719670425000 - 1719670430000,1017,45,28.444444444444443,5.705963958119436,5000,200.0
1719670425000 - 1719670430000,1018,54,26.88888888888889,3.670032125536388,5000,200.0
1719670425000 - 1719670430000,1019,60,27.633333333333333,5.313400250519645,5000,200.0
1719670425000 - 1719670430000,1020,50,26.96,5.939562273433961,5000,200.0
1719670425000 - 1719670430000,1000,57,22.07017543859649,2.3310237877477484,5014,199.8
1719670425000 - 1719670430000,1001,52,18.423076923076923,1.9840339040813741,5014,199.8
1719670425000 - 1719670430000,1002,41,22.024390243902438,2.300453877571043,5014,199.8
1719670425000 - 1719670430000,1003,38,18.842105263157894,2.367836185095156,5014,199.8
1719670425000 - 1719670430000,1004,47,19.617021276595743,2.646179031666681,5014,199.8
1719670425000 - 1719670430000,1005,45,20.933333333333334,2.711293254355034,5014,199.8
1719670425000 - 1719670430000,1006,59,21.915254237288135,3.5381127574620828,5014,199.8
1719670425000 - 1719670430000,1007,33,25.181818181818183,4.876999484000603,5014,199.8
1719670425000 - 1719670430000,1008,48,30.041666666666668,4.232603283507156,5014,199.8
1719670425000 - 1719670430000,1009,36,27.11111111111111,3.381138678822875,5014,199.8
1719670425000 - 1719670430000,1010,52,22.0,2.954787510256741,5014,199.8
1719670425000 - 1719670430000,1011,37,26.35135135135135,5.794760989946547,5014,199.8
1719670425000 - 1719670430000,1012,52,29.384615384615383,7.81555117932743,5014,199.8
1719670425000 - 1719670430000,1013,55,27.145454545454545,4.542398972982455,5014,199.8
1719670425000 - 1719670430000,1014,49,25.653061224489797,3.9047382018290278,5014,199.8
1719670425000 - 1719670430000,1015,38,25.236842105263158,4.11309980765126,5014,199.8
1719670425000 - 1719670430000,1016,51,25.666666666666668,4.231843183770654,5014,199.8
1719670425000 - 1719670430000,1017,45,28.444444444444443,5.705963958119436,5014,199.8
1719670425000 - 1719670430000,1018,54,26.88888888888889,3.670032125536388,5014,199.8
1719670425000 - 1719670430000,1019,60,27.633333333333333,5.313400250519645,5014,199.8
1719670425000 - 1719670430000,1020,50,26.96,5.939562273433961,5014,199.8
1719670430000 - 1719670435000,1000,49,22.244897959183675,2.5114481735371688,5000,189.8
1719670430000 - 1719670435000,1001,41,18.024390243902438,1.4564876709105967,5000,189.8
1719670430000 - 1719670435000,1002,40,22.775,2.6219029348928995,5000,189.8
1719670430000 - 1719670435000,1003,47,18.93617021276596,2.823942131580776,5000,189.8
1719670430000 - 1719670435000,1004,38,19.92105263157895,2.2287780337094376,5000,189.8
1719670430000 - 1719670435000,1005,42,21.452380952380953,2.8635840093639313,5000,189.8
1719670430000 - 1719670435000,1006,52,23.48076923076923,4.106703640743925,5000,189.8
1719670430000 - 1719670435000,1007,43,26.186046511627907,3.954719370595371,5000,189.8
1719670430000 - 1719670435000,1008,45,29.444444444444443,4.297573245736381,5000,189.8
1719670430000 - 1719670435000,1009,41,27.829268292682926,3.0754927348581687,5000,189.8
1719670430000 - 1719670435000,1010,46,21.608695652173914,2.7463672517136968,5000,189.8
1719670430000 - 1719670435000,1011,56,26.375,7.239678613624463,5000,189.8
1719670430000 - 1719670435000,1012,46,32.28260869565217,8.039746490374531,5000,189.8
1719670430000 - 1719670435000,1013,42,26.142857142857142,3.937435886531261,5000,189.8
1719670430000 - 1719670435000,1014,38,27.263157894736842,6.50782610047446,5000,189.8
1719670430000 - 1719670435000,1015,48,24.9375,3.6251795932523585,5000,189.8
1719670430000 - 1719670435000,1016,49,26.26530612244898,5.259686924042353,5000,189.8
1719670430000 - 1719670435000,1017,47,29.76595744680851,6.494556692838018,5000,189.8
1719670430000 - 1719670435000,1018,52,27.692307692307693,3.692708311599525,5000,189.8
1719670430000 - 1719670435000,1019,43,28.046511627906977,5.681276831479989,5000,189.8
1719670430000 - 1719670435000,1020,44,26.90909090909091,5.26056591242884,5000,189.8
1719670435000 - 1719670440000,1000,52,22.096153846153847,2.4827064588764305,5001,212.4
1719670435000 - 1719670440000,1001,47,17.80851063829787,1.6326234972979472,5001,212.4
1719670435000 - 1719670440000,1002,48,22.1875,2.4719783743660324,5001,212.4
1719670435000 - 1719670440000,1003,48,18.395833333333332,2.44727385176967,5001,212.4
1719670435000 - 1719670440000,1004,51,19.705882352941178,2.673721924085532,5001,212.4
1719670435000 - 1719670440000,1005,49,21.102040816326532,2.7123669756467184,5001,212.4
1719670435000 - 1719670440000,1006,52,23.134615384615383,4.014535350802162,5001,212.4
1719670435000 - 1719670440000,1007,59,25.74576271186441,4.571812014533922,5001,212.4
1719670435000 - 1719670440000,1008,58,30.017241379310345,3.5646317182233025,5001,212.4
1719670435000 - 1719670440000,1009,60,27.816666666666666,3.5425587111891628,5001,212.4
1719670435000 - 1719670440000,1010,40,22.45,2.6641133609514442,5001,212.4
1719670435000 - 1719670440000,1011,57,25.45614035087719,6.6650967680649655,5001,212.4
1719670435000 - 1719670440000,1012,61,30.885245901639344,7.4130995279750245,5001,212.4
1719670435000 - 1719670440000,1013,45,26.4,4.706496691926078,5001,212.4
1719670435000 - 1719670440000,1014,44,26.568181818181817,6.817083244830016,5001,212.4
1719670435000 - 1719670440000,1015,50,26.08,4.203998097049998,5001,212.4
1719670435000 - 1719670440000,1016,46,26.043478260869566,4.500997578987257,5001,212.4
1719670435000 - 1719670440000,1017,44,28.568181818181817,5.228408967418149,5001,212.4
1719670435000 - 1719670440000,1018,36,28.36111111111111,3.9380817226564746,5001,212.4
1719670435000 - 1719670440000,1019,65,26.753846153846155,3.9808416938778133,5001,212.4
1719670435000 - 1719670440000,1020,50,26.6,6.80881781221968,5001,212.4
1719670440000 - 1719670445000,1000,43,22.186046511627907,2.4424141122076506,4999,219.2
1719670440000 - 1719670445000,1001,49,18.224489795918366,1.6195906023695097,4999,219.2
1719670440000 - 1719670445000,1002,54,22.62962962962963,2.926863422241533,4999,219.2
1719670440000 - 1719670445000,1003,67,18.62686567164179,2.466708610682582,4999,219.2
1719670440000 - 1719670445000,1004,53,20.150943396226417,2.7772405635341366,4999,219.2
1719670440000 - 1719670445000,1005,56,21.357142857142858,2.6283384989962997,4999,219.2
1719670440000 - 1719670445000,1006,48,22.395833333333332,4.5904773868181605,4999,219.2
1719670440000 - 1719670445000,1007,50,24.96,4.265958274526369,4999,219.2
1719670440000 - 1719670445000,1008,54,29.925925925925927,4.289745964385009,4999,219.2
1719670440000 - 1719670445000,1009,45,27.844444444444445,3.711576817086749,4999,219.2
1719670440000 - 1719670445000,1010,47,22.659574468085108,2.70756698307886,4999,219.2
1719670440000 - 1719670445000,1011,49,26.428571428571427,5.8936146699246486,4999,219.2
1719670440000 - 1719670445000,1012,58,31.551724137931036,7.998216210167726,4999,219.2
1719670440000 - 1719670445000,1013,60,27.4,5.511200716117435,4999,219.2
1719670440000 - 1719670445000,1014,52,25.384615384615383,5.25559718539653,4999,219.2
1719670440000 - 1719670445000,1015,45,25.8,4.036500134192161,4999,219.2
1719670440000 - 1719670445000,1016,43,25.558139534883722,3.7310907787314243,4999,219.2
1719670440000 - 1719670445000,1017,64,26.796875,3.3268777005437093,4999,219.2
1719670440000 - 1719670445000,1018,47,27.106382978723403,3.7201809756549706,4999,219.2
1719670440000 - 1719670445000,1019,55,29.145454545454545,6.537773270681921,4999,219.2
1719670440000 - 1719670445000,1020,57,26.87719298245614,6.4292920006346295,4999,219.2
1719670445000 - 1719670450000,1000,61,22.19672131147541,2.533834469544926,5000,224.6
1719670445000 - 1719670450000,1001,56,18.517857142857142,2.1212451820685367,5000,224.6
1719670445000 - 1719670450000,1002,52,23.134615384615383,2.4021532500418017,5000,224.6
1719670445000 - 1719670450000,1003,57,18.596491228070175,1.945391757983033,5000,224.6
1719670445000 - 1719670450000,1004,69,19.246376811594203,2.4101584354768004,5000,224.6
1719670445000 - 1719670450000,1005,51,21.15686274509804,2.789142457428046,5000,224.6
1719670445000 - 1719670450000,1006,52,23.23076923076923,3.5713355862789604,5000,224.6
1719670445000 - 1719670450000,1007,49,25.46938775510204,4.445139702202279,5000,224.6
1719670445000 - 1719670450000,1008,52,28.653846153846153,4.210264998898139,5000,224.6
1719670445000 - 1719670450000,1009,47,28.340425531914892,3.02666585567375,5000,224.6
1719670445000 - 1719670450000,1010,40,21.45,3.2553801621316056,5000,224.6
1719670445000 - 1719670450000,1011,38,26.31578947368421,7.476648781928321,5000,224.6
1719670445000 - 1719670450000,1012,57,31.771929824561404,7.583494412462327,5000,224.6
1719670445000 - 1719670450000,1013,54,26.962962962962962,4.586465446825534,5000,224.6
1719670445000 - 1719670450000,1014,53,26.056603773584907,5.9285528933326015,5000,224.6
1719670445000 - 1719670450000,1015,55,26.672727272727272,4.281268059622885,5000,224.6
1719670445000 - 1719670450000,1016,52,26.096153846153847,4.184493422996455,5000,224.6
1719670445000 - 1719670450000,1017,55,27.963636363636365,4.584414848607424,5000,224.6
1719670445000 - 1719670450000,1018,58,27.810344827586206,3.8031606481421076,5000,224.6
1719670445000 - 1719670450000,1019,62,27.403225806451612,4.820854152062999,5000,224.6
1719670445000 - 1719670450000,1020,53,25.90566037735849,6.283443806809743,5000,224.6
1719670450000 - 1719670455000,1000,42,21.714285714285715,2.0963200669576323,5001,169.6
1719670450000 - 1719670455000,1001,39,18.307692307692307,2.440616212162214,5001,169.6
1719670450000 - 1719670455000,1002,31,23.032258064516128,2.6938863994984468,5001,169.6
1719670450000 - 1719670455000,1003,36,17.75,1.8911342863183696,5001,169.6
1719670450000 - 1719670455000,1004,26,19.692307692307693,1.7924892611893912,5001,169.6
1719670450000 - 1719670455000,1005,42,21.261904761904763,2.752137903257893,5001,169.6
1719670450000 - 1719670455000,1006,43,23.023255813953487,3.6757430642108413,5001,169.6
1719670450000 - 1719670455000,1007,34,26.176470588235293,4.973285032434882,5001,169.6
1719670450000 - 1719670455000,1008,52,30.115384615384617,4.26819114160809,5001,169.6
1719670450000 - 1719670455000,1009,44,27.5,3.5960837284215423,5001,169.6
1719670450000 - 1719670455000,1010,31,21.741935483870968,2.687698883089445,5001,169.6
1719670450000 - 1719670455000,1011,43,26.13953488372093,5.8809166954664205,5001,169.6
1719670450000 - 1719670455000,1012,30,30.9,7.3907599970052695,5001,169.6
1719670450000 - 1719670455000,1013,50,25.96,4.677435194633914,5001,169.6
1719670450000 - 1719670455000,1014,44,26.40909090909091,4.9557963391741495,5001,169.6
1719670450000 - 1719670455000,1015,47,27.29787234042553,3.7920122857385885,5001,169.6
1719670450000 - 1719670455000,1016,46,26.41304347826087,4.168077895857481,5001,169.6
1719670450000 - 1719670455000,1017,42,28.904761904761905,6.589347549931393,5001,169.6
1719670450000 - 1719670455000,1018,41,27.195121951219512,3.194656454640574,5001,169.6
1719670450000 - 1719670455000,1019,34,27.764705882352942,3.9783149220966862,5001,169.6
1719670450000 - 1719670455000,1020,51,26.0,5.642972377648323,5001,169.6
